Class-Section,Day,P1,P2,P3,P4,P5,P6,P7,P8,P9,P10
Grade-I-A,Monday,T001:Indira:MATHS,T001:Indira:ENGLISH,T002:Sai Priya:EVS,T003:Uma Rani:Hindi,T004:Pravalika:Maths,T005:Shivathmika:Public Speaking,T006:Charisma:Telugu,T004:Pravalika:Computer,T001:Indira:ENGLISH,T001:Indira:
Grade-I-A,Tuesday,T001:Indira:ENGLISH,T001:Indira:ENGLISH,T002:Sai Priya:EVS,T003:Uma Rani:Hindi,T004:Pravalika:Maths,T005:Shivathmika:Public Speaking,T006:Charisma:Telugu,T004:Pravalika:Computer,T001:Indira:TELUGU,T001:Indira:
Grade-I-A,Wednesday,T001:Indira:Telugu,T001:Indira:ENGLISH,T007:Suresh:Games,T003:Uma Rani:Hindi,T008:Adiba:EVS,T005:Shivathmika:Handwriting,T006:Charisma:Telugu,T004:Pravalika:Computer,T001:Indira:HINDI,T001:Indira:
Grade-I-A,Thursday,T001:Indira:HINDI,T007:Suresh:Games,T002:Sai Priya:EVS,T003:Uma Rani:Hindi,T004:Pravalika:Maths,T005:Shivathmika:Handwriting,T006:Charisma:Telugu,T004:Pravalika:Maths,T001:Indira:EVS,T001:Indira:
Grade-I-A,Friday,T001:Indira:EVS,T001:Indira:ENGLISH,T002:Sai Priya:EVS,T003:Uma Rani:Hindi,T004:Pravalika:Maths,T005:Shivathmika:Story Telling,T006:Charisma:Telugu,T001:Indira:ENGLISH,T001:Indira:MATHS,T001:Indira:
Grade-I-B,Monday,T006:Charishma:MATHS,T006:Charishma:TELUGU,T004:Pravalika:Maths,T002:Sai Priya:EVS,T003:Uma Rani:Hindi,T001:Indira:ENGLISH,T004:Pravalika:Computer,T005:Shivathmika:Public Speaking,T006:Charishma:ENGLISH,T006:Charishma:
Grade-I-B,Tuesday,T006:Charishma:ENGLISH,T006:Charishma:TELUGU,T004:Pravalika:Maths,T002:Sai Priya:EVS,T003:Uma Rani:Hindi,T001:Indira:ENGLISH,T004:Pravalika:Computer,T001:Indira:ENGLISH,T006:Charishma:TELUGU,T006:Charishma:
Grade-I-B,Wednesday,T006:Charishma:TELUGU,T007:Suresh:Games,T004:Pravalika:Maths,T002:Sai Priya:EVS,T003:Uma Rani:Hindi,T001:Indira:ENGLISH,T004:Pravalika:Computer,T001:Indira:Handwriting,T006:Charishma:HINDI,T006:Charishma:
Grade-I-B,Thursday,T006:Charishma:HINDI,T001:Indira:ENGLISH,T006:Charishma:TELUGU,T002:Sai Priya:EVS,T003:Uma Rani:Hindi,T001:Indira:ENGLISH,T004:Pravalika:Maths,T001:Indira:ENGLISH,T006:Charishma:EVS,T006:Charishma:
Grade-I-B,Friday,T006:Charishma:EVS,T006:Charishma:TELUGU,T006:Charishma:TELUGU,T002:Sai Priya:EVS,T003:Uma Rani:Hindi,T001:Indira:ENGLISH,T004:Pravalika:Maths,T007:Suresh:Games,T006:Charishma:MATHS,T006:Charishma:
Grade-II-A,Monday,T009:B.Pravalika:EVS,T009:B.Pravalika:MATHS,T001:Indira:ENGLISH,T001:Indira:ENGLISH,T006:Charishma:TELUGU,T002:Sai Priya:EVS,T003:Uma Rani:Hindi,T007:Suresh:Games,T009:B.Pravalika:MATHS,T009:B.Pravalika:
Grade-II-A,Tuesday,T009:B.Pravalika:MATHS,T009:B.Pravalika:MATHS,T001:Indira:ENGLISH,T001:Indira:ENGLISH,T006:Charishma:TELUGU,T002:Sai Priya:EVS,T003:Uma Rani:Hindi,T007:Suresh:Games,T009:B.Pravalika:TELUGU,T009:B.Pravalika:
Grade-II-A,Wednesday,T009:B.Pravalika:TELUGU,T009:B.Pravalika:MATHS,T001:Indira:ENGLISH,T001:Indira:Handwriting,T006:Charishma:TELUGU,T002:Sai Priya:EVS,T003:Uma Rani:Hindi,T001:Indira:ENGLISH,T009:B.Pravalika:HINDI,T009:B.Pravalika:
Grade-II-A,Thursday,T009:B.Pravalika:HINDI,T009:B.Pravalika:MATHS,T001:Indira:ENGLISH,T004:Pravalika:Computer,T006:Charishma:TELUGU,T002:Sai Priya:EVS,T003:Uma Rani:Hindi,T005:Shivathmika:Public Speaking,T009:B.Pravalika:MATHS,T009:B.Pravalika:
Grade-II-A,Friday,T009:B.Pravalika:MATHS,T009:B.Pravalika:MATHS,T001:Indira:ENGLISH,T004:Pravalika:Computer,T006:Charishma:TELUGU,T002:Sai Priya:EVS,T003:Uma Rani:Hindi,T005:Shivathmika:Public Speaking,T009:B.Pravalika:EVS,T009:B.Pravalika:
Grade-II-B,Monday,T002:Sai Priya:EVS,T003:Uma Rani:Hindi,T002:Sai Priya:Public Speaking,T006:Charishma:TELUGU,T001:Indira:ENGLISH,T009:B.Pravalika:MATHS,T001:Indira:ENGLISH,T002:Sai Priya:EVS,T002:Sai Priya:MATHS,T002:Sai Priya:
Grade-II-B,Tuesday,T002:Sai Priya:MATHS,T003:Uma Rani:Hindi,T002:Sai Priya:Public Speaking,T006:Charishma:TELUGU,T007:Suresh:Games,T009:B.Pravalika:MATHS,T001:Indira:ENGLISH,T002:Sai Priya:EVS,T002:Sai Priya:TELUGU,T002:Sai Priya:
Grade-II-B,Wednesday,T002:Sai Priya:TELUGU,T003:Uma Rani:Hindi,T007:Suresh:Games,T006:Charishma:TELUGU,T001:Indira:ENGLISH,T009:B.Pravalika:MATHS,T002:Sai Priya:Public Speaking,T002:Sai Priya:EVS,T002:Sai Priya:HINDI,T002:Sai Priya:
Grade-II-B,Thursday,T002:Sai Priya:HINDI,T003:Uma Rani:Hindi,T004:Pravalika:Computer,T006:Charishma:TELUGU,T001:Indira:ENGLISH,T009:B.Pravalika:MATHS,T001:Indira:ENGLISH,T002:Sai Priya:EVS,T002:Sai Priya:MATHS,T002:Sai Priya:
Grade-II-B,Friday,T002:Sai Priya:MATHS,T003:Uma Rani:Hindi,T004:Pravalika:Computer,T006:Charishma:TELUGU,T001:Indira:ENGLISH,T009:B.Pravalika:MATHS,T001:Indira:Handwriting,T002:Sai Priya:EVS,T002:Sai Priya:EVS,T002:Sai Priya:
Grade-III-A,Monday,T003:Umarani:SCIENCE,T002:Sai Priya:Science,T007:Suresh:Games,T010:G.Pravalika:ENGLISH,T011:Prameela:Social Science,T012:Manasa:Maths,T005:Shivathmika:Handwriting,T013:Uma n Charisma:II Language,T003:Umarani:IILANGUAGE,T003:Umarani:
Grade-III-A,Tuesday,T003:Umarani:IILANGUAGE,T002:Sai Priya:Science,T007:Suresh:Games,T010:G.Pravalika:ENGLISH,T011:Prameela:Social Science,T012:Manasa:Maths,T005:Shivathmika:Public Speaking,T013:Uma n Charisma:II Language,T003:Umarani:SOCIAL SCIENCE,T003:Umarani:
Grade-III-A,Wednesday,T003:Umarani:SOCIAL SCIENCE,T008:Adiba:Science,T014:Komal:Public Speaking,T010:G.Pravalika:ENGLISH,T011:Prameela:Social Science,T012:Manasa:Maths,T014:Komal:Public Speaking,T013:Uma n Charisma:II Language,T003:Umarani:MATHS,T003:Umarani:
Grade-III-A,Thursday,T003:Umarani:MATHS,T002:Sai Priya:Science,T015:Sadiya:Computers,T010:G.Pravalika:ENGLISH,T011:Prameela:Social Science,T012:Manasa:Maths,T015:Sadiya:Computers,T013:Uma n Charisma:II Language,T003:Umarani:ENGLISH,T003:Umarani:
Grade-III-A,Friday,T003:Umarani:ENGLISH,T002:Sai Priya:Science,T005:Shivathmika:Public Speaking,T010:G.Pravalika:ENGLISH,T011:Prameela:Social Science,T012:Manasa:Maths,T015:Sadiya:Computers,T013:Uma n Charisma:III Language,T003:Umarani:SCIENCE,T003:Umarani:
Grade-III-B,Monday,T010:G.Pravalika:SCIENCE,T010:G.Pravalika:ENGLISH,T015:Sadiya:Computers,T005:Shivathmika:Public Speaking,T012:Manasa:Maths,T011:Prameela:Social Science,T002:Sai Priya:Science,T013:Uma n Charisma:II Language,T010:G.Pravalika:IILANGUAGE,T010:G.Pravalika:
Grade-III-B,Tuesday,T010:G.Pravalika:IILANGUAGE,T010:G.Pravalika:ENGLISH,T015:Sadiya:Computers,T005:Shivathmika:Public Speaking,T012:Manasa:Maths,T011:Prameela:Social Science,T002:Sai Priya:Science,T013:Uma n Charisma:II Language,T010:G.Pravalika:SOCIAL SCIENCE,T010:G.Pravalika:
Grade-III-B,Wednesday,T010:G.Pravalika:SOCIAL SCIENCE,T010:G.Pravalika:ENGLISH,T015:Sadiya:Computers,T005:Shivathmika:Public Speaking,T012:Manasa:Maths,T011:Prameela:Social Science,T002:Sai Priya:Science,T013:Uma n Charisma:II Language,T010:G.Pravalika:MATHS,T010:G.Pravalika:
Grade-III-B,Thursday,T010:G.Pravalika:MATHS,T010:G.Pravalika:ENGLISH,T007:Suresh:Games,T005:Shivathmika:Public Speaking,T012:Manasa:Maths,T011:Prameela:Social Science,T002:Sai Priya:Science,T013:Uma n Charisma:II Language,T010:G.Pravalika:ENGLISH,T010:G.Pravalika:
Grade-III-B,Friday,T010:G.Pravalika:ENGLISH,T010:G.Pravalika:ENGLISH,T007:Suresh:Games,T005:Shivathmika:Public Speaking,T012:Manasa:Maths,T011:Prameela:Social Science,T002:Sai Priya:Science,T013:Uma n Charisma:III Language,T010:G.Pravalika:SCIENCE,T010:G.Pravalika:
Grade-IV-A,Monday,T012:Manasa:SOCIAL SCIENCE,T012:Manasa:MATHS,T011:Prameela:Social Science,T007:Suresh:Games,T016:Deepika:Science,T013:Uma n Charisma:II Language,T012:Manasa:MATHS,T010:G.Pravalika:ENGLISH,T012:Manasa:MATHS,T012:Manasa:
Grade-IV-A,Tuesday,T012:Manasa:MATHS,T012:Manasa:MATHS,T011:Prameela:Social Science,T007:Suresh:Games,T016:Deepika:Science,T013:Uma n Charisma:II Language,T012:Manasa:MATHS,T010:G.Pravalika:ENGLISH,T012:Manasa:ENGLISH,T012:Manasa:
Grade-IV-A,Wednesday,T012:Manasa:ENGLISH,T012:Manasa:MATHS,T011:Prameela:Social Science,T016:Science Deepika:,T016:Deepika:Science,T013:Uma n Charisma:II Language,T010:G.Pravalika:ENGLISH,T010:G.Pravalika:ENGLISH,T012:Manasa:SCIENCE,T012:Manasa:
Grade-IV-A,Thursday,T012:Manasa:SCIENCE,T012:Manasa:MATHS,T011:Prameela:Social Science,T015:Sadiya:Computers,T016:Deepika:Science,T013:Uma n Charisma:II Language,T017:Jhansi:Public Speaking,T010:G.Pravalika:ENGLISH,T012:Manasa:II LANGUAGE,T012:Manasa:
Grade-IV-A,Friday,T012:Manasa:II LANGUAGE,T012:Manasa:MATHS,T011:Prameela:Social Science,T015:Sadiya:Computers,T016:Deepika:Science,T013:Uma n Charisma:III Language,T010:G.Pravalika:ENGLISH,T010:G.Pravalika:ENGLISH,T012:Manasa:SOCIAL SCIENCE,T012:Manasa:
Grade-IV-B,Monday,T011:Prameela:SOCIAL SCIENCE,T011:Prameela:SOCIAL SCIENCE,T016:Deepika:Science,T016:Deepika:Science,T010:G.Pravalika:ENGLISH,T013:Uma n Charisma:II Language,T010:G.Pravalika:ENGLISH,T012:Manasa:MATHS,T011:Prameela:MATHS,T011:Prameela:
Grade-IV-B,Tuesday,T011:Prameela:MATHS,T011:Prameela:SOCIAL SCIENCE,T016:Deepika:Science,T015:Sadiya:Computers,T010:G.Pravalika:ENGLISH,T013:Uma n Charisma:II Language,T010:G.Pravalika:Story Telling,T017:Jhansi:Public Speaking,T011:Prameela:ENGLISH,T011:Prameela:
Grade-IV-B,Wednesday,T011:Prameela:ENGLISH,T011:Prameela:SOCIAL SCIENCE,T016:Deepika:Science,T015:Sadiya:Computers,T010:G.Pravalika:ENGLISH,T013:Uma n Charisma:II Language,T012:Manasa:MATHS,T012:Manasa:MATHS,T011:Prameela:SCIENCE,T011:Prameela:
Grade-IV-B,Thursday,T011:Prameela:SCIENCE,T011:Prameela:SOCIAL SCIENCE,T016:Deepika:Science,T007:Suresh:Games,T010:G.Pravalika:ENGLISH,T013:Uma n Charisma:II Language,T012:Manasa:MATHS,T012:Manasa:MATHS,T011:Prameela:II LANGUAGE,T011:Prameela:
Grade-IV-B,Friday,T011:Prameela:II LANGUAGE,T011:Prameela:SOCIAL SCIENCE,T016:Deepika:Science,T007:Suresh:Games,T010:G.Pravalika:ENGLISH,T013:Uma n Charisma:III Language,T012:Manasa:MATHS,T017:Jhansi:Public Speaking,T011:Prameela:SOCIAL SCIENCE,T011:Prameela:
Grade-V-A,Monday,T016:Deepika:MATHS,T016:Deepika:SCIENCE,T018:Sukrutha n Shakeer:II Language,T019:Sravani:MATHS,T007:Suresh:Games,T016:Deepika:SCIENCE,T020:Sanjana:English,T011:Prameela:Social Science,T016:Deepika:II LANGUAGE,T016:Deepika:
Grade-V-A,Tuesday,T016:Deepika:II LANGUAGE,T016:Deepika:SCIENCE,T018:Sukrutha n Shakeer:II Language,T019:Sravani:MATHS,T019:Sravani:Maths,T019:Sravani:MATHS,T020:Sanjana:English,T011:Prameela:Social Science,T016:Deepika:SOCIAL SCIENCE,T016:Deepika:
Grade-V-A,Wednesday,T016:Deepika:SOCIAL SCIENCE,T016:Deepika:SCIENCE,T018:Sukrutha n Shakeer:II Language,T019:Sravani:MATHS,T007:Suresh:Games,T019:Sravani:MATHS,T020:Sanjana:English,T011:Prameela:Social Science,T016:Deepika:SCIENCE,T016:Deepika:
Grade-V-A,Thursday,T016:Deepika:SCIENCE,T016:Deepika:SCIENCE,T018:Sukrutha n Shakeer:II Language,T019:Sravani:MATHS,T015:Sadiya:Computers,T015:Sadiya:Computers,T020:Sanjana:English,T011:Prameela:Social Science,T016:Deepika:ENGLISH,T016:Deepika:
Grade-V-A,Friday,T016:Deepika:ENGLISH,T016:Deepika:SCIENCE,T018:Sukrutha n Shakeer:III Language,T019:Sravani:MATHS,T015:Sadiya:Computers,T017:Jhansi:Public Speaking,T020:Sanjana:English,T011:Prameela:Social Science,T016:Deepika:MATHS,T016:Deepika:
Grade-VI,Monday,T021:Roja:ENGLISH,T018:Sukrutha n Shakeer:II Language,T022:Kalpalatha:Science,T021:Roja:Maths,T015:Sadiya:Computers,T020:Sanjana:English,T007:Suresh:Games,T023:Vennela:Social Science,T021:Roja:SOCIAL SCIENCE,T021:Roja:
Grade-VI,Tuesday,T021:Roja:SCIENCE,T018:Sukrutha n Shakeer:II Language,T022:Kalpalatha:Science,T021:Roja:Maths,T015:Sadiya:Computers,T020:Sanjana:English,T007:Suresh:Games,T012:Manasa:Maths IIT,T021:Roja:SCIENCE,T021:Roja:
Grade-VI,Wednesday,T021:Roja:SCIENCE,T018:Sukrutha n Shakeer:II Language,T022:Kalpalatha:Science,T021:Roja:Maths,T015:Sadiya:Computers,T020:Sanjana:English,T023:Vennela:Social Science,T022:Kalpalatha:Science IIT,T021:Roja:MATHS,T021:Roja:
Grade-VI,Thursday,T021:Roja:MATHS,T018:Sukrutha n Shakeer:II Language,T022:Kalpalatha:Science,T021:Roja:Maths,T023:Vennela:Social Science,T020:Sanjana:English,T023:Vennela:Social Science,T022:Kalpalatha:Science IIT,T021:Roja:II LANGUAGE,T021:Roja:
Grade-VI,Friday,T021:Roja:II LANGUAGE,T018:Sukrutha n Shakeer:III Language,T022:Kalpalatha:Science,T021:Roja:Maths,T023:Vennela:Social Science,T020:Sanjana:English,T023:Vennela:Social Science,T012:Manasa:Maths IIT,T021:Roja:ENGLISH,T021:Roja:
Grade-VII,Monday,T022:Kalpalatha:SCIENCE,T022:Kalpalatha:SCIENCE,T010:G.Pravalika:ENGLISH,T023:Vennela:Social Science,T021:Roja:Maths,T021:Roja:Maths IIT,T018:Sukrutha n Shakeer:II Language,T015:Sadiya:Computers,T022:Kalpalatha:ENGLISH,T022:Kalpalatha:
Grade-VII,Tuesday,T022:Kalpalatha:ENGLISH,T022:Kalpalatha:SCIENCE,T010:G.Pravalika:ENGLISH,T023:Vennela:Social Science,T021:Roja:Maths,T021:Roja:Maths IIT,T018:Sukrutha n Shakeer:II Language,T015:Sadiya:Computers,T022:Kalpalatha:IILANGUAGE,T022:Kalpalatha:
Grade-VII,Wednesday,T022:Kalpalatha:IILANGUAGE,T022:Kalpalatha:SCIENCE,T010:G.Pravalika:ENGLISH,T023:Vennela:Social Science,T021:Roja:Maths,T021:Roja:Maths,T018:Sukrutha n Shakeer:II Language,T007:Suresh:Games,T022:Kalpalatha:SOCIAL SCIENCE,T022:Kalpalatha:
Grade-VII,Thursday,T022:Kalpalatha:SOCIAL SCIENCE,T022:Kalpalatha:SCIENCE,T010:G.Pravalika:ENGLISH,T023:Vennela:Social Science,T021:Roja:Maths,T010:G.Pravalika:ENGLISH,T018:Sukrutha n Shakeer:II Language,T007:Suresh:Games,T022:Kalpalatha:MATHS,T022:Kalpalatha:
Grade-VII,Friday,T022:Kalpalatha:MATHS,T022:Kalpalatha:SCIENCE,T010:G.Pravalika:ENGLISH,T023:Vennela:Social Science,T021:Roja:Maths,T022:Kalpalatha:Science IIT,T018:Sukrutha n Shakeer:III Language,T015:Sadiya:Computers,T022:Kalpalatha:SCIENCE,T022:Kalpalatha:
Grade-VIII,Monday,T018:Shakeer:MATHS,T020:Sanjana:English,T023:Vennela:Social Science,T018:Sukrutha n Shakeer:II Language,T022:Kalpalatha:SCIENCE,T015:Sadiya:Computers,T021:Roja:Maths,T022:Kalpalatha:Science IIT,T018:Shakeer:SCIENCE,T018:Shakeer:
Grade-VIII,Tuesday,T018:Shakeer:SCIENCE,T020:Sanjana:English,T023:Vennela:Social Science,T018:Sukrutha n Shakeer:II Language,T022:Kalpalatha:SCIENCE,T015:Sadiya:Computers,T021:Roja:Maths,T022:Kalpalatha:Science IIT,T018:Shakeer:ENGLISH,T018:Shakeer:
Grade-VIII,Wednesday,T018:Shakeer:ENGLISH,T020:Sanjana:English,T023:Vennela:Social Science,T018:Sukrutha n Shakeer:II Language,T022:Kalpalatha:SCIENCE,T015:Sadiya:Computers,T021:Roja:Maths,T007:Suresh:Games,T018:Shakeer:SOCIAL,T018:Shakeer:
Grade-VIII,Thursday,T018:Shakeer:SOCIAL,T020:Sanjana:English,T023:Vennela:Social Science,T018:Sukrutha n Shakeer:II Language,T022:Kalpalatha:SCIENCE,T021:Roja:Maths IIT,T021:Roja:Maths,T007:Suresh:Games,T018:Shakeer:II LANGUAGE,T018:Shakeer:
Grade-VIII,Friday,T018:Shakeer:II LANGUAGE,T020:Sanjana:English,T023:Vennela:Social Science,T018:Sukrutha n Shakeer:III Language,T007:Suresh:Games,T021:Roja:Maths IIT,T021:Roja:Maths,T022:Kalpalatha:SCIENCE,T018:Shakeer:MATHS,T018:Shakeer:
Grade-IX,Monday,T023:Vennela:MATHS,T023:Vennela:SOCIAL,T021:Roja:Maths,T020:Sanjana:English,T023:Vennela:SOCIAL,T022:Kalpalatha:SCIENCE,T015:Sadiya:Computers,T018:Sukrutha n Shakeer:II Language,T023:Vennela:SCIENCE,T023:Vennela:
Grade-IX,Tuesday,T023:Vennela:SCIENCE,T023:Vennela:SOCIAL,T021:Roja:Maths,T020:Sanjana:English,T023:Vennela:SOCIAL,T022:Kalpalatha:SCIENCE,T015:Sadiya:Computers,T018:Sukrutha n Shakeer:II Language,T023:Vennela:ENGLISH,T023:Vennela:
Grade-IX,Wednesday,T023:Vennela:ENGLISH,T023:Vennela:SOCIAL,T021:Roja:Maths,T020:Sanjana:English,T023:Vennela:SOCIAL,T022:Kalpalatha:SCIENCE,T007:Suresh:Games,T018:Sukrutha n Shakeer:II Language,T023:Vennela:SOCIAL,T023:Vennela:
Grade-IX,Thursday,T023:Vennela:SOCIAL,T023:Vennela:SOCIAL,T021:Roja:Maths,T020:Sanjana:English,T020:Sanjana:English,T022:Kalpalatha:SCIENCE,T007:Suresh:Games,T018:Sukrutha n Shakeer:II Language,T023:Vennela:II LANGUAGE,T023:Vennela:
Grade-IX,Friday,T023:Vennela:II LANGUAGE,T023:Vennela:SOCIAL,T021:Roja:Maths,T020:Sanjana:English,T022:Kalpalatha:SCIENCE,T015:Sadiya:Computers,T007:Suresh:Games,T018:Sukrutha n Shakeer:III Language,T023:Vennela:MATHS,T023:Vennela:
Grade-X,Monday,T018:Sukrutha:MATHS,T021:Roja:MATHS,T017:Jhansi:Reading,T022:Kalpalatha:SCIENCE,T018:Sukrutha n Shakeer:II Language,T023:Vennela:SOCIAL,T023:Vennela:SOCIAL,T020:Sanjana:English,T018:Sukrutha:SCIENCE,T018:Sukrutha:
Grade-X,Tuesday,T018:Sukrutha:SCIENCE,T021:Roja:MATHS,T017:Jhansi:Reading,T022:Kalpalatha:SCIENCE,T018:Sukrutha n Shakeer:II Language,T023:Vennela:SOCIAL,T023:Vennela:SOCIAL,T020:Sanjana:English,T018:Sukrutha:ENGLISH,T018:Sukrutha:
Grade-X,Wednesday,T018:Sukrutha:ENGLISH,T021:Roja:MATHS,T020:Sanjana:English,T022:Kalpalatha:SCIENCE,T018:Sukrutha n Shakeer:II Language,T023:Vennela:SOCIAL,T007:Suresh:Games,T015:Sadiya:Computers,T018:Sukrutha:SOCIAL,T018:Sukrutha:
Grade-X,Thursday,T018:Sukrutha:SOCIAL,T021:Roja:MATHS,T020:Sanjana:English,T022:Kalpalatha:SCIENCE,T018:Sukrutha n Shakeer:II Language,T023:Vennela:SOCIAL,T007:Suresh:Games,T015:Sadiya:Computers,T018:Sukrutha:II LANGUAGE,T018:Sukrutha:
Grade-X,Friday,T018:Sukrutha:II LANGUAGE,T021:Roja:MATHS,T015:Sadiya:Computers,T022:Kalpalatha:SCIENCE,T018:Sukrutha n Shakeer:II Language,T023:Vennela:SOCIAL,T007:Suresh:Games,T020:Sanjana:English,T018:Sukrutha:MATHS,T018:Sukrutha:
Grade-V-B,Monday,T015:Sadiya:MATHS,T015:Sadiya:Computers,T018:Sukrutha n Shakeer:II Language,T012:Manasa:Maths,T020:Sanjana:English,T017:Jhansi:Public Speaking,T011:Prameela:Social Science,T016:Deepika:SCIENCE,T015:Sadiya:II LANGUAGE,T015:Sadiya:
Grade-V-B,Tuesday,T015:Sadiya:II LANGUAGE,T015:Sadiya:Computers,T018:Sukrutha n Shakeer:II Language,T012:Manasa:Maths,T020:Sanjana:English,T017:Jhansi:Public Speaking,T011:Prameela:Social Science,T016:Deepika:SCIENCE,T015:Sadiya:SOCIAL SCIENCE,T015:Sadiya:
Grade-V-B,Wednesday,T015:Sadiya:SOCIAL SCIENCE,T015:Sadiya:Computers,T018:Sukrutha n Shakeer:II Language,T012:Manasa:Maths,T020:Sanjana:English,T017:Jhansi:Public Speaking,T011:Prameela:Social Science,T016:Deepika:SCIENCE,T015:Sadiya:SCIENCE,T015:Sadiya:
Grade-V-B,Thursday,T015:Sadiya:SCIENCE,T017:Jhansi:Public Speaking,T018:Sukrutha n Shakeer:II Language,T012:Manasa:Maths,T007:Suresh:Games,T016:Deepika:SCIENCE,T011:Prameela:Social Science,T020:Sanjana:English,T015:Sadiya:ENGLISH,T015:Sadiya:
Grade-V-B,Friday,T015:Sadiya:ENGLISH,T017:Jhansi:Public Speaking,T018:Sukrutha n Shakeer:III Language,T012:Manasa:Maths,T020:Sanjana:English,T007:Suresh:Games,T011:Prameela:Social Science,T016:Deepika:SCIENCE,T015:Sadiya:MATHS,T015:Sadiya:
